{
  "(0.12, -0.38, -0.38)": {
    "pressure_before": 0.0,
    "pressure_after": -0.015371,
    "delta": 0.015371
  },
  "(0.12, -0.38, -0.12)": {
    "pressure_before": 0.0,
    "pressure_after": -0.021907,
    "delta": 0.021907
  },
  "(0.12, -0.38, 0.12)": {
    "pressure_before": 0.0,
    "pressure_after": -0.021907,
    "delta": 0.021907
  },
  "(0.12, -0.38, 0.38)": {
    "pressure_before": 0.0,
    "pressure_after": -0.015371,
    "delta": 0.015371
  },
  "(0.12, -0.12, -0.38)": {
    "pressure_before": 0.0,
    "pressure_after": -0.021907,
    "delta": 0.021907
  },
  "(0.12, -0.12, -0.12)": {
    "pressure_before": 0.0,
    "pressure_after": -0.031621,
    "delta": 0.031621
  },
  "(0.12, -0.12, 0.12)": {
    "pressure_before": 0.0,
    "pressure_after": -0.031621,
    "delta": 0.031621
  },
  "(0.12, -0.12, 0.38)": {
    "pressure_before": 0.0,
    "pressure_after": -0.021907,
    "delta": 0.021907
  },
  "(0.12, 0.12, -0.38)": {
    "pressure_before": 0.0,
    "pressure_after": -0.021907,
    "delta": 0.021907
  },
  "(0.12, 0.12, -0.12)": {
    "pressure_before": 0.0,
    "pressure_after": -0.031621,
    "delta": 0.031621
  },
  "(0.12, 0.12, 0.12)": {
    "pressure_before": 0.0,
    "pressure_after": -0.031621,
    "delta": 0.031621
  },
  "(0.12, 0.12, 0.38)": {
    "pressure_before": 0.0,
    "pressure_after": -0.021907,
    "delta": 0.021907
  },
  "(0.12, 0.38, -0.38)": {
    "pressure_before": 0.0,
    "pressure_after": -0.015371,
    "delta": 0.015371
  },
  "(0.12, 0.38, -0.12)": {
    "pressure_before": 0.0,
    "pressure_after": -0.021907,
    "delta": 0.021907
  },
  "(0.12, 0.38, 0.12)": {
    "pressure_before": 0.0,
    "pressure_after": -0.021907,
    "delta": 0.021907
  },
  "(0.12, 0.38, 0.38)": {
    "pressure_before": 0.0,
    "pressure_after": -0.015371,
    "delta": 0.015371
  },
  "(0.38, -0.38, -0.38)": {
    "pressure_before": 133.105,
    "pressure_after": -0.048413,
    "delta": 133.153413
  },
  "(0.38, -0.38, -0.12)": {
    "pressure_before": 133.105,
    "pressure_after": -0.062546,
    "delta": 133.167546
  },
  "(0.38, -0.38, 0.12)": {
    "pressure_before": 133.105,
    "pressure_after": -0.062546,
    "delta": 133.167546
  },
  "(0.38, -0.38, 0.38)": {
    "pressure_before": 133.105,
    "pressure_after": -0.048413,
    "delta": 133.153413
  },
  "(0.38, -0.12, -0.38)": {
    "pressure_before": 133.105,
    "pressure_after": -0.062546,
    "delta": 133.167546
  },
  "(0.38, -0.12, -0.12)": {
    "pressure_before": 133.105,
    "pressure_after": -0.082677,
    "delta": 133.187677
  },
  "(0.38, -0.12, 0.12)": {
    "pressure_before": 133.105,
    "pressure_after": -0.082677,
    "delta": 133.187677
  },
  "(0.38, -0.12, 0.38)": {
    "pressure_before": 133.105,
    "pressure_after": -0.062546,
    "delta": 133.167546
  },
  "(0.38, 0.12, -0.38)": {
    "pressure_before": 133.105,
    "pressure_after": -0.062546,
    "delta": 133.167546
  },
  "(0.38, 0.12, -0.12)": {
    "pressure_before": 133.105,
    "pressure_after": -0.082677,
    "delta": 133.187677
  },
  "(0.38, 0.12, 0.12)": {
    "pressure_before": 133.105,
    "pressure_after": -0.082677,
    "delta": 133.187677
  },
  "(0.38, 0.12, 0.38)": {
    "pressure_before": 133.105,
    "pressure_after": -0.062546,
    "delta": 133.167546
  },
  "(0.38, 0.38, -0.38)": {
    "pressure_before": 133.105,
    "pressure_after": -0.048413,
    "delta": 133.153413
  },
  "(0.38, 0.38, -0.12)": {
    "pressure_before": 133.105,
    "pressure_after": -0.062546,
    "delta": 133.167546
  },
  "(0.38, 0.38, 0.12)": {
    "pressure_before": 133.105,
    "pressure_after": -0.062546,
    "delta": 133.167546
  },
  "(0.38, 0.38, 0.38)": {
    "pressure_before": 133.105,
    "pressure_after": -0.048413,
    "delta": 133.153413
  },
  "(0.62, -0.38, -0.38)": {
    "pressure_before": 133.105,
    "pressure_after": -0.025375,
    "delta": 133.130375
  },
  "(0.62, -0.38, -0.12)": {
    "pressure_before": 133.105,
    "pressure_after": -0.035013,
    "delta": 133.140013
  },
  "(0.62, -0.38, 0.12)": {
    "pressure_before": 133.105,
    "pressure_after": -0.035013,
    "delta": 133.140013
  },
  "(0.62, -0.38, 0.38)": {
    "pressure_before": 133.105,
    "pressure_after": -0.025375,
    "delta": 133.130375
  },
  "(0.62, -0.12, -0.38)": {
    "pressure_before": 133.105,
    "pressure_after": -0.035013,
    "delta": 133.140013
  },
  "(0.62, -0.12, -0.12)": {
    "pressure_before": 133.105,
    "pressure_after": -0.049227,
    "delta": 133.154227
  },
  "(0.62, -0.12, 0.12)": {
    "pressure_before": 133.105,
    "pressure_after": -0.049227,
    "delta": 133.154227
  },
  "(0.62, -0.12, 0.38)": {
    "pressure_before": 133.105,
    "pressure_after": -0.035013,
    "delta": 133.140013
  },
  "(0.62, 0.12, -0.38)": {
    "pressure_before": 133.105,
    "pressure_after": -0.035013,
    "delta": 133.140013
  },
  "(0.62, 0.12, -0.12)": {
    "pressure_before": 133.105,
    "pressure_after": -0.049227,
    "delta": 133.154227
  },
  "(0.62, 0.12, 0.12)": {
    "pressure_before": 133.105,
    "pressure_after": -0.049227,
    "delta": 133.154227
  },
  "(0.62, 0.12, 0.38)": {
    "pressure_before": 133.105,
    "pressure_after": -0.035013,
    "delta": 133.140013
  },
  "(0.62, 0.38, -0.38)": {
    "pressure_before": 133.105,
    "pressure_after": -0.025375,
    "delta": 133.130375
  },
  "(0.62, 0.38, -0.12)": {
    "pressure_before": 133.105,
    "pressure_after": -0.035013,
    "delta": 133.140013
  },
  "(0.62, 0.38, 0.12)": {
    "pressure_before": 133.105,
    "pressure_after": -0.035013,
    "delta": 133.140013
  },
  "(0.62, 0.38, 0.38)": {
    "pressure_before": 133.105,
    "pressure_after": -0.025375,
    "delta": 133.130375
  },
  "(0.88, -0.38, -0.38)": {
    "pressure_before": 133.105,
    "pressure_after": -0.008648,
    "delta": 133.113648
  },
  "(0.88, -0.38, -0.12)": {
    "pressure_before": 133.105,
    "pressure_after": -0.012795,
    "delta": 133.117795
  },
  "(0.88, -0.38, 0.12)": {
    "pressure_before": 133.105,
    "pressure_after": -0.012795,
    "delta": 133.117795
  },
  "(0.88, -0.38, 0.38)": {
    "pressure_before": 133.105,
    "pressure_after": -0.008648,
    "delta": 133.113648
  },
  "(0.88, -0.12, -0.38)": {
    "pressure_before": 133.105,
    "pressure_after": -0.012795,
    "delta": 133.117795
  },
  "(0.88, -0.12, -0.12)": {
    "pressure_before": 133.105,
    "pressure_after": -0.01911,
    "delta": 133.12411
  },
  "(0.88, -0.12, 0.12)": {
    "pressure_before": 133.105,
    "pressure_after": -0.01911,
    "delta": 133.12411
  },
  "(0.88, -0.12, 0.38)": {
    "pressure_before": 133.105,
    "pressure_after": -0.012795,
    "delta": 133.117795
  },
  "(0.88, 0.12, -0.38)": {
    "pressure_before": 133.105,
    "pressure_after": -0.012795,
    "delta": 133.117795
  },
  "(0.88, 0.12, -0.12)": {
    "pressure_before": 133.105,
    "pressure_after": -0.01911,
    "delta": 133.12411
  },
  "(0.88, 0.12, 0.12)": {
    "pressure_before": 133.105,
    "pressure_after": -0.01911,
    "delta": 133.12411
  },
  "(0.88, 0.12, 0.38)": {
    "pressure_before": 133.105,
    "pressure_after": -0.012795,
    "delta": 133.117795
  },
  "(0.88, 0.38, -0.38)": {
    "pressure_before": 133.105,
    "pressure_after": -0.008648,
    "delta": 133.113648
  },
  "(0.88, 0.38, -0.12)": {
    "pressure_before": 133.105,
    "pressure_after": -0.012795,
    "delta": 133.117795
  },
  "(0.88, 0.38, 0.12)": {
    "pressure_before": 133.105,
    "pressure_after": -0.012795,
    "delta": 133.117795
  },
  "(0.88, 0.38, 0.38)": {
    "pressure_before": 133.105,
    "pressure_after": -0.008648,
    "delta": 133.113648
  },
  "(1.12, -0.38, -0.38)": {
    "pressure_before": 133.105,
    "pressure_after": -0.000875,
    "delta": 133.105875
  },
  "(1.12, -0.38, -0.12)": {
    "pressure_before": 133.105,
    "pressure_after": -0.001171,
    "delta": 133.106171
  },
  "(1.12, -0.38, 0.12)": {
    "pressure_before": 133.105,
    "pressure_after": -0.001171,