{
  "(0.50, 0.50, 0.50)": {
    "pressure_before": -1.0,
    "pressure_after": 14.111111,
    "delta": 15.111111
  },
  "(0.60, 0.50, 0.50)": {
    "pressure_before": 0.0,
    "pressure_after": 13.277778,
    "delta": 13.277778
  },
  "(0.40, 0.50, 0.50)": {
    "pressure_before": 0.0,
    "pressure_after": 13.277778,
    "delta": 13.277778
  }
}